"nama_odtw;""bulan_kunjungan"";""pengunjung_wisatawan"";""jumlah_pengunjung_wisatawan"""
"MUSEUM SURABAYA;""November"";""Wisnu"";""0"""
"MUSEUM HOS COKROAMINOTO;""April"";""Wisnu"";""287"""
"MUSEUM HOS COKROAMINOTO;""Mei"";""Wisman"";""0"""
"MUSEUM HOS COKROAMINOTO;""Mei"";""Wisnu"";""492"""
"MUSEUM HOS COKROAMINOTO;""Juni"";""Wisman"";""1"""
"MUSEUM HOS COKROAMINOTO;""Juni"";""Wisnu"";""811"""
"MUSEUM HOS COKROAMINOTO;""Juli"";""Wisman"";""0"""
"MUSEUM HOS COKROAMINOTO;""Juli"";""Wisnu"";""324"""
"MUSEUM HOS COKROAMINOTO;""Agustus"";""Wisman"";""0"""
"MUSEUM HOS COKROAMINOTO;""Agustus"";""Wisnu"";""0"""
"MUSEUM HOS COKROAMINOTO;""September"";""Wisman"";""0"""
"MUSEUM HOS COKROAMINOTO;""September"";""Wisnu"";""0"""
"MUSEUM HOS COKROAMINOTO;""Oktober"";""Wisman"";""0"""
"MUSEUM HOS COKROAMINOTO;""Oktober"";""Wisnu"";""0"""
"MUSEUM HOS COKROAMINOTO;""November"";""Wisman"";""0"""
"MUSEUM HOS COKROAMINOTO;""November"";""Wisnu"";""742"""
"MUSEUM HOS COKROAMINOTO;""Desember"";""Wisman"";""21"""
"MUSEUM HOS COKROAMINOTO;""Desember"";""Wisnu"";""926"""
"MUSEUM PENDIDIKAN;""Januari"";""Wisman"";""0"""
"MUSEUM PENDIDIKAN;""Januari"";""Wisnu"";""1592"""
"MUSEUM PENDIDIKAN;""Februari"";""Wisman"";""0"""
"MUSEUM PENDIDIKAN;""Februari"";""Wisnu"";""1541"""
"MUSEUM PENDIDIKAN;""Maret"";""Wisman"";""0"""
"MUSEUM PENDIDIKAN;""Maret"";""Wisnu"";""2085"""
"MUSEUM PENDIDIKAN;""April"";""Wisman"";""0"""
"MUSEUM PENDIDIKAN;""April"";""Wisnu"";""1033"""
"MUSEUM PENDIDIKAN;""Mei"";""Wisman"";""30"""
"MUSEUM PENDIDIKAN;""Mei"";""Wisnu"";""2096"""
"MUSEUM PENDIDIKAN;""Juni"";""Wisman"";""0"""
"MUSEUM PENDIDIKAN;""Juni"";""Wisnu"";""3225"""
"MUSEUM PENDIDIKAN;""Juli"";""Wisman"";""0"""
"MUSEUM PENDIDIKAN;""Juli"";""Wisnu"";""2353"""
"MUSEUM PENDIDIKAN;""Agustus"";""Wisman"";""51"""
"MUSEUM PENDIDIKAN;""Agustus"";""Wisnu"";""2204"""
"MUSEUM PENDIDIKAN;""September"";""Wisman"";""0"""
"MUSEUM PENDIDIKAN;""September"";""Wisnu"";""2596"""
"MUSEUM PENDIDIKAN;""Oktober"";""Wisman"";""5"""
"MUSEUM PENDIDIKAN;""Oktober"";""Wisnu"";""2437"""
"MUSEUM PENDIDIKAN;""November"";""Wisman"";""0"""
"MUSEUM PENDIDIKAN;""November"";""Wisnu"";""4920"""
"MUSEUM PENDIDIKAN;""Desember"";""Wisman"";""21"""
"MUSEUM PENDIDIKAN;""Desember"";""Wisnu"";""5604"""
"MUSEUM OLAHRAGA;""Januari"";""Wisman"";""0"""
"MUSEUM OLAHRAGA;""Januari"";""Wisnu"";""1024"""
"MUSEUM OLAHRAGA;""Februari"";""Wisman"";""0"""
"MUSEUM OLAHRAGA;""Februari"";""Wisnu"";""882"""
"MUSEUM OLAHRAGA;""Maret"";""Wisman"";""0"""
"MUSEUM SURABAYA;""Desember"";""Wisman"";""0"""
"MUSEUM SURABAYA;""Desember"";""Wisnu"";""0"""
"MUSEUM WR.SUPRATMAN;""Januari"";""Wisman"";""0"""
"MUSEUM WR.SUPRATMAN;""Januari"";""Wisnu"";""149"""
"MUSEUM OLAHRAGA;""Maret"";""Wisnu"";""1036"""
"MUSEUM OLAHRAGA;""April"";""Wisman"";""0"""
"MUSEUM OLAHRAGA;""April"";""Wisnu"";""455"""
"MUSEUM OLAHRAGA;""Mei"";""Wisman"";""0"""
"MUSEUM OLAHRAGA;""Mei"";""Wisnu"";""650"""
"MUSEUM OLAHRAGA;""Juni"";""Wisman"";""0"""
"MUSEUM OLAHRAGA;""Juni"";""Wisnu"";""755"""
"MUSEUM OLAHRAGA;""Juli"";""Wisman"";""0"""
"MUSEUM OLAHRAGA;""Juli"";""Wisnu"";""725"""
"MUSEUM OLAHRAGA;""Agustus"";""Wisman"";""0"""
"MUSEUM OLAHRAGA;""Agustus"";""Wisnu"";""495"""
"MUSEUM OLAHRAGA;""September"";""Wisman"";""0"""
"MUSEUM OLAHRAGA;""September"";""Wisnu"";""620"""
"MUSEUM OLAHRAGA;""Oktober"";""Wisman"";""0"""
"MUSEUM OLAHRAGA;""Oktober"";""Wisnu"";""582"""
"MUSEUM OLAHRAGA;""November"";""Wisman"";""0"""
"MUSEUM OLAHRAGA;""November"";""Wisnu"";""643"""
"MUSEUM OLAHRAGA;""Desember"";""Wisman"";""0"""
"MUSEUM OLAHRAGA;""Desember"";""Wisnu"";""1259"""
"MUSEUM NU;""Januari"";""Wisman"";""0"""
"MUSEUM NU;""Januari"";""Wisnu"";""181"""
"MUSEUM NU;""Februari"";""Wisman"";""0"""
"MUSEUM NU;""Februari"";""Wisnu"";""16"""
"MUSEUM NU;""Maret"";""Wisman"";""0"""
"MUSEUM NU;""Maret"";""Wisnu"";""49"""
"MUSEUM NU;""April"";""Wisman"";""0"""
"MUSEUM NU;""April"";""Wisnu"";""92"""
"MUSEUM NU;""Mei"";""Wisman"";""0"""
"MUSEUM NU;""Mei"";""Wisnu"";""13"""
"MUSEUM NU;""Juni"";""Wisman"";""0"""
"MUSEUM NU;""Juni"";""Wisnu"";""111"""
"MUSEUM NU;""Juli"";""Wisman"";""0"""
"MUSEUM NU;""Juli"";""Wisnu"";""23"""
"MUSEUM NU;""Agustus"";""Wisman"";""0"""
"MUSEUM NU;""Agustus"";""Wisnu"";""95"""
"MUSEUM NU;""September"";""Wisman"";""0"""
"MUSEUM NU;""September"";""Wisnu"";""40"""
"MUSEUM NU;""Oktober"";""Wisman"";""29"""
"MUSEUM NU;""Oktober"";""Wisnu"";""101"""
"MUSEUM NU;""November"";""Wisman"";""0"""
"MUSEUM NU;""November"";""Wisnu"";""227"""
"MUSEUM NU;""Desember"";""Wisman"";""0"""
"MUSEUM NU;""Desember"";""Wisnu"";""379"""
"MASJID AL-AKBAR;""Januari"";""Wisman"";""0"""
"MASJID AL-AKBAR;""Januari"";""Wisnu"";""341"""
"MASJID AL-AKBAR;""Februari"";""Wisman"";""0"""
"MASJID AL-AKBAR;""Februari"";""Wisnu"";""534"""
"MASJID AL-AKBAR;""Maret"";""Wisman"";""0"""
"MASJID AL-AKBAR;""Maret"";""Wisnu"";""9743"""
"MASJID AL-AKBAR;""April"";""Wisman"";""0"""
"MASJID AL-AKBAR;""April"";""Wisnu"";""3911"""
"MASJID AL-AKBAR;""Mei"";""Wisman"";""0"""
"MASJID AL-AKBAR;""Mei"";""Wisnu"";""8570"""
"MASJID AL-AKBAR;""Juni"";""Wisman"";""0"""
"MASJID AL-AKBAR;""Juni"";""Wisnu"";""11884"""
"MASJID AL-AKBAR;""Juli"";""Wisman"";""0"""
"MASJID AL-AKBAR;""Juli"";""Wisnu"";""4997"""
"MASJID AL-AKBAR;""Agustus"";""Wisman"";""0"""
"MASJID AL-AKBAR;""Agustus"";""Wisnu"";""6972"""
"MASJID AL-AKBAR;""September"";""Wisman"";""0"""
"MASJID AL-AKBAR;""September"";""Wisnu"";""5325"""
"MASJID AL-AKBAR;""Oktober"";""Wisman"";""0"""
"MASJID AL-AKBAR;""Oktober"";""Wisnu"";""8540"""
"MASJID AL-AKBAR;""November"";""Wisman"";""0"""
"MASJID AL-AKBAR;""November"";""Wisnu"";""4746"""
"MASJID AL-AKBAR;""Desember"";""Wisman"";""0"""
"MASJID AL-AKBAR;""Desember"";""Wisnu"";""18454"""
"MASJID CHENG HOO;""Januari"";""Wisman"";""0"""
"MASJID CHENG HOO;""Januari"";""Wisnu"";""675"""
"MASJID CHENG HOO;""Februari"";""Wisman"";""0"""
"MASJID CHENG HOO;""Februari"";""Wisnu"";""478"""
"MASJID CHENG HOO;""Maret"";""Wisman"";""0"""
"MASJID CHENG HOO;""Maret"";""Wisnu"";""1725"""
"MASJID CHENG HOO;""April"";""Wisman"";""8"""
"MASJID CHENG HOO;""April"";""Wisnu"";""1981"""
"MASJID CHENG HOO;""Mei"";""Wisman"";""0"""
"MASJID CHENG HOO;""Mei"";""Wisnu"";""1827"""
"MASJID CHENG HOO;""Juni"";""Wisman"";""8"""
"MASJID CHENG HOO;""Juni"";""Wisnu"";""1879"""
"MASJID CHENG HOO;""Juli"";""Wisman"";""16"""
"MASJID CHENG HOO;""Juli"";""Wisnu"";""1891"""
"MASJID CHENG HOO;""Agustus"";""Wisman"";""50"""
"MASJID CHENG HOO;""Agustus"";""Wisnu"";""1875"""
"MASJID CHENG HOO;""September"";""Wisman"";""35"""
"MASJID CHENG HOO;""September"";""Wisnu"";""1939"""
"MASJID CHENG HOO;""Oktober"";""Wisman"";""30"""
"MASJID CHENG HOO;""Oktober"";""Wisnu"";""1859"""
"MASJID CHENG HOO;""November"";""Wisman"";""80"""
"MASJID CHENG HOO;""November"";""Wisnu"";""1875"""
"MASJID CHENG HOO;""Desember"";""Wisman"";""276"""
"MASJID CHENG HOO;""Desember"";""Wisnu"";""2385"""
"MASJID AGUNG SUNAN AMPEL;""Januari"";""Wisman"";""0"""
"MASJID AGUNG SUNAN AMPEL;""Januari"";""Wisnu"";""3000"""
"MASJID AGUNG SUNAN AMPEL;""Februari"";""Wisman"";""0"""
"MASJID AGUNG SUNAN AMPEL;""Februari"";""Wisnu"";""3000"""
"MASJID AGUNG SUNAN AMPEL;""Maret"";""Wisman"";""0"""
"MASJID AGUNG SUNAN AMPEL;""Maret"";""Wisnu"";""3000"""
"MASJID AGUNG SUNAN AMPEL;""April"";""Wisman"";""0"""
"MASJID AGUNG SUNAN AMPEL;""April"";""Wisnu"";""10000"""
"MASJID AGUNG SUNAN AMPEL;""Mei"";""Wisman"";""0"""
"MASJID AGUNG SUNAN AMPEL;""Mei"";""Wisnu"";""3000"""
"MASJID AGUNG SUNAN AMPEL;""Juni"";""Wisman"";""0"""
"MASJID AGUNG SUNAN AMPEL;""Juni"";""Wisnu"";""10000"""
"MASJID AGUNG SUNAN AMPEL;""Juli"";""Wisman"";""0"""
"MASJID AGUNG SUNAN AMPEL;""Juli"";""Wisnu"";""12000"""
"MASJID AGUNG SUNAN AMPEL;""Agustus"";""Wisman"";""0"""
"MASJID AGUNG SUNAN AMPEL;""Agustus"";""Wisnu"";""3000"""
"MASJID AGUNG SUNAN AMPEL;""September"";""Wisman"";"""""
"MASJID AGUNG SUNAN AMPEL;""September"";""Wisnu"";""12000"""
"MASJID AGUNG SUNAN AMPEL;""Oktober"";""Wisman"";""0"""
"MASJID AGUNG SUNAN AMPEL;""Oktober"";""Wisnu"";""12000"""
"MASJID AGUNG SUNAN AMPEL;""November"";""Wisman"";""0"""
"MASJID AGUNG SUNAN AMPEL;""November"";""Wisnu"";""10000"""
"MASJID AGUNG SUNAN AMPEL;""Desember"";""Wisman"";""0"""
"MASJID AGUNG SUNAN AMPEL;""Desember"";""Wisnu"";""10000"""
"ARCA DJOKO  DOLOG;""Januari"";""Wisman"";""0"""
"ARCA DJOKO  DOLOG;""Januari"";""Wisnu"";""49"""
"ARCA DJOKO  DOLOG;""Februari"";""Wisman"";""0"""
"ARCA DJOKO  DOLOG;""Februari"";""Wisnu"";""39"""
"ARCA DJOKO  DOLOG;""Maret"";""Wisman"";""0"""
"ARCA DJOKO  DOLOG;""Maret"";""Wisnu"";""48"""
"ARCA DJOKO  DOLOG;""April"";""Wisman"";""0"""
"ARCA DJOKO  DOLOG;""April"";""Wisnu"";""47"""
"ARCA DJOKO  DOLOG;""Mei"";""Wisman"";""0"""
"ARCA DJOKO  DOLOG;""Mei"";""Wisnu"";""57"""
"ARCA DJOKO  DOLOG;""Juni"";""Wisman"";""0"""
"ARCA DJOKO  DOLOG;""Juni"";""Wisnu"";""49"""
"ARCA DJOKO  DOLOG;""Juli"";""Wisman"";""0"""
"ARCA DJOKO  DOLOG;""Juli"";""Wisnu"";""56"""
"ARCA DJOKO  DOLOG;""Agustus"";""Wisman"";""0"""
"ARCA DJOKO  DOLOG;""Agustus"";""Wisnu"";""61"""
"ARCA DJOKO  DOLOG;""September"";""Wisman"";""0"""
"ARCA DJOKO  DOLOG;""September"";""Wisnu"";""69"""
"ARCA DJOKO  DOLOG;""Oktober"";""Wisman"";""5"""
"ARCA DJOKO  DOLOG;""Oktober"";""Wisnu"";""57"""
"ARCA DJOKO  DOLOG;""November"";""Wisman"";""0"""
"ARCA DJOKO  DOLOG;""November"";""Wisnu"";""50"""
"ARCA DJOKO  DOLOG;""Desember"";""Wisman"";""0"""
"ARCA DJOKO  DOLOG;""Desember"";""Wisnu"";""50"""
"MAKAM SUNAN BUNGKUL;""Januari"";""Wisman"";""0"""
"MAKAM SUNAN BUNGKUL;""Januari"";""Wisnu"";""540"""
"MAKAM SUNAN BUNGKUL;""Februari"";""Wisman"";""0"""
"MAKAM SUNAN BUNGKUL;""Februari"";""Wisnu"";""840"""
"MAKAM SUNAN BUNGKUL;""Maret"";""Wisman"";""0"""
"MAKAM SUNAN BUNGKUL;""Maret"";""Wisnu"";""850"""
"MAKAM SUNAN BUNGKUL;""April"";""Wisman"";""0"""
"MAKAM SUNAN BUNGKUL;""April"";""Wisnu"";""750"""
"MAKAM SUNAN BUNGKUL;""Mei"";""Wisman"";""0"""
"MAKAM SUNAN BUNGKUL;""Mei"";""Wisnu"";""461"""
"MAKAM SUNAN BUNGKUL;""Juni"";""Wisman"";""0"""
"MAKAM SUNAN BUNGKUL;""Juni"";""Wisnu"";""540"""
"MAKAM SUNAN BUNGKUL;""Juli"";""Wisman"";""0"""
"MAKAM SUNAN BUNGKUL;""Juli"";""Wisnu"";""950"""
"MAKAM SUNAN BUNGKUL;""Agustus"";""Wisman"";""0"""
"MAKAM SUNAN BUNGKUL;""Agustus"";""Wisnu"";""960"""
"MAKAM SUNAN BUNGKUL;""September"";""Wisman"";""0"""
"MAKAM SUNAN BUNGKUL;""September"";""Wisnu"";""640"""
"MAKAM SUNAN BUNGKUL;""Oktober"";""Wisman"";""0"""
"MAKAM SUNAN BUNGKUL;""Oktober"";""Wisnu"";""550"""
"MAKAM SUNAN BUNGKUL;""November"";""Wisman"";""0"""
"MAKAM SUNAN BUNGKUL;""November"";""Wisnu"";""462"""
"MAKAM SUNAN BUNGKUL;""Desember"";""Wisman"";""0"""
"MAKAM SUNAN BUNGKUL;""Desember"";""Wisnu"";""562"""
"MAKAM SAWUNGGALING;""Januari"";""Wisman"";""0"""
"MAKAM SAWUNGGALING;""Januari"";""Wisnu"";""380"""
"MAKAM SAWUNGGALING;""Februari"";""Wisman"";""0"""
"MAKAM SAWUNGGALING;""Februari"";""Wisnu"";""513"""
"MAKAM SAWUNGGALING;""Maret"";""Wisman"";""0"""
"MAKAM SAWUNGGALING;""Maret"";""Wisnu"";""645"""
"MAKAM SAWUNGGALING;""April"";""Wisman"";""0"""
"MAKAM SAWUNGGALING;""April"";""Wisnu"";""402"""
"MAKAM SAWUNGGALING;""Mei"";""Wisman"";""0"""
"MAKAM SAWUNGGALING;""Mei"";""Wisnu"";""493"""
"MAKAM SAWUNGGALING;""Juni"";""Wisman"";""0"""
"MAKAM SAWUNGGALING;""Juni"";""Wisnu"";""502"""
"MAKAM SAWUNGGALING;""Juli"";""Wisman"";""0"""
"MAKAM SAWUNGGALING;""Juli"";""Wisnu"";""703"""
"MAKAM SAWUNGGALING;""Agustus"";""Wisman"";""0"""
"MAKAM SAWUNGGALING;""Agustus"";""Wisnu"";""601"""
"MAKAM SAWUNGGALING;""September"";""Wisman"";""0"""
"MAKAM SAWUNGGALING;""September"";""Wisnu"";""583"""
"MAKAM SAWUNGGALING;""Oktober"";""Wisman"";""0"""
"MAKAM SAWUNGGALING;""Oktober"";""Wisnu"";""1596"""
"MAKAM SAWUNGGALING;""November"";""Wisman"";""0"""
"MAKAM SAWUNGGALING;""November"";""Wisnu"";""218"""
"MAKAM SAWUNGGALING;""Desember"";""Wisman"";""0"""
"MAKAM SAWUNGGALING;""Desember"";""Wisnu"";""218"""
"KLENTENG HOK AN KIONG;""Januari"";""Wisman"";""0"""
"KLENTENG HOK AN KIONG;""Januari"";""Wisnu"";""5"""
"KLENTENG HOK AN KIONG;""Februari"";""Wisman"";""0"""
"KLENTENG HOK AN KIONG;""Februari"";""Wisnu"";""3"""
"KLENTENG HOK AN KIONG;""Maret"";""Wisman"";""0"""
"KLENTENG HOK AN KIONG;""Maret"";""Wisnu"";""15"""
"KLENTENG HOK AN KIONG;""April"";""Wisman"";""0"""
"KLENTENG HOK AN KIONG;""April"";""Wisnu"";""5"""
"KLENTENG HOK AN KIONG;""Mei"";""Wisman"";""0"""
"KLENTENG HOK AN KIONG;""Mei"";""Wisnu"";""6"""
"KLENTENG HOK AN KIONG;""Juni"";""Wisman"";""0"""
"KLENTENG HOK AN KIONG;""Juni"";""Wisnu"";""9"""
"KLENTENG HOK AN KIONG;""Juli"";""Wisman"";""0"""
"KLENTENG HOK AN KIONG;""Juli"";""Wisnu"";""15"""
"KLENTENG HOK AN KIONG;""Agustus"";""Wisman"";""0"""
"KLENTENG HOK AN KIONG;""Agustus"";""Wisnu"";""9"""
"KLENTENG HOK AN KIONG;""September"";""Wisman"";""0"""
"KLENTENG HOK AN KIONG;""September"";""Wisnu"";""13"""
"KLENTENG HOK AN KIONG;""Oktober"";""Wisman"";""0"""
"KLENTENG HOK AN KIONG;""Oktober"";""Wisnu"";""15"""
"KLENTENG HOK AN KIONG;""November"";""Wisman"";""0"""
"KLENTENG HOK AN KIONG;""November"";""Wisnu"";""0"""
"KLENTENG HOK AN KIONG;""Desember"";""Wisman"";""0"""
"KLENTENG HOK AN KIONG;""Desember"";""Wisnu"";""0"""
"KLENTENG BOEN BIO;""Januari"";""Wisman"";""0"""
"KLENTENG BOEN BIO;""Januari"";""Wisnu"";""11"""
"KLENTENG BOEN BIO;""Februari"";""Wisman"";""0"""
"KLENTENG BOEN BIO;""Februari"";""Wisnu"";""7"""
"KLENTENG BOEN BIO;""Maret"";""Wisman"";""0"""
"KLENTENG BOEN BIO;""Maret"";""Wisnu"";""16"""
"KLENTENG BOEN BIO;""April"";""Wisman"";""0"""
"KLENTENG BOEN BIO;""April"";""Wisnu"";""0"""
"KLENTENG BOEN BIO;""Mei"";""Wisman"";""0"""
"KLENTENG BOEN BIO;""Mei"";""Wisnu"";""60"""
"KLENTENG BOEN BIO;""Juni"";""Wisman"";""0"""
"KLENTENG BOEN BIO;""Juni"";""Wisnu"";""15"""
"KLENTENG BOEN BIO;""Juli"";""Wisman"";""0"""
"KLENTENG BOEN BIO;""Juli"";""Wisnu"";""10"""
"KLENTENG BOEN BIO;""Agustus"";""Wisman"";""0"""
"KLENTENG BOEN BIO;""Agustus"";""Wisnu"";""15"""
"KLENTENG BOEN BIO;""September"";""Wisman"";""0"""
"KLENTENG BOEN BIO;""September"";""Wisnu"";""15"""
"KLENTENG BOEN BIO;""Oktober"";""Wisman"";""0"""
"KLENTENG BOEN BIO;""Oktober"";""Wisnu"";""88"""
"KLENTENG BOEN BIO;""November"";""Wisman"";""0"""
"KLENTENG BOEN BIO;""November"";""Wisnu"";""0"""
"KLENTENG BOEN BIO;""Desember"";""Wisman"";""0"""
"KLENTENG BOEN BIO;""Desember"";""Wisnu"";""0"""
"WISATA PERAHU KALIMAS;""Januari"";""Wisman"";""0"""
"WISATA PERAHU KALIMAS;""Januari"";""Wisnu"";""3637"""
"WISATA PERAHU KALIMAS;""Februari"";""Wisman"";""0"""
"WISATA PERAHU KALIMAS;""Februari"";""Wisnu"";""159"""
"WISATA PERAHU KALIMAS;""Maret"";""Wisman"";""0"""
"WISATA PERAHU KALIMAS;""Maret"";""Wisnu"";""1959"""
"WISATA PERAHU KALIMAS;""April"";""Wisman"";""0"""
"WISATA PERAHU KALIMAS;""April"";""Wisnu"";""5418"""
"WISATA PERAHU KALIMAS;""Mei"";""Wisman"";""0"""
"WISATA PERAHU KALIMAS;""Mei"";""Wisnu"";""10726"""
"WISATA PERAHU KALIMAS;""Juni"";""Wisman"";""0"""
"WISATA PERAHU KALIMAS;""Juni"";""Wisnu"";""18264"""
"WISATA PERAHU KALIMAS;""Juli"";""Wisman"";""0"""
"WISATA PERAHU KALIMAS;""Juli"";""Wisnu"";""19088"""
"WISATA PERAHU KALIMAS;""Agustus"";""Wisman"";""0"""
"WISATA PERAHU KALIMAS;""Agustus"";""Wisnu"";""12487"""
"WISATA PERAHU KALIMAS;""September"";""Wisman"";""0"""
"WISATA PERAHU KALIMAS;""September"";""Wisnu"";""14170"""
"WISATA PERAHU KALIMAS;""Oktober"";""Wisman"";""0"""
"WISATA PERAHU KALIMAS;""Oktober"";""Wisnu"";""11196"""
"WISATA PERAHU KALIMAS;""November"";""Wisman"";""0"""
"WISATA PERAHU KALIMAS;""November"";""Wisnu"";""9597"""
"WISATA PERAHU KALIMAS;""Desember"";""Wisman"";""0"""
"WISATA PERAHU KALIMAS;""Desember"";""Wisnu"";""14140"""
"KEBUN BINATANG SURABAYA;""Januari"";""Wisman"";""0"""
"KEBUN BINATANG SURABAYA;""Januari"";""Wisnu"";""111240"""
"KEBUN BINATANG SURABAYA;""Februari"";""Wisman"";""0"""
"KEBUN BINATANG SURABAYA;""Februari"";""Wisnu"";""90210"""
"KEBUN BINATANG SURABAYA;""Maret"";""Wisman"";""0"""
"KEBUN BINATANG SURABAYA;""Maret"";""Wisnu"";""110318"""
"KEBUN BINATANG SURABAYA;""April"";""Wisman"";""0"""
"KEBUN BINATANG SURABAYA;""April"";""Wisnu"";""22864"""
"KEBUN BINATANG SURABAYA;""Mei"";""Wisman"";""0"""
"KEBUN BINATANG SURABAYA;""Mei"";""Wisnu"";""226311"""
"KEBUN BINATANG SURABAYA;""Juni"";""Wisman"";""0"""
"KEBUN BINATANG SURABAYA;""Juni"";""Wisnu"";""224203"""
"KEBUN BINATANG SURABAYA;""Juli"";""Wisman"";""0"""
"KEBUN BINATANG SURABAYA;""Juli"";""Wisnu"";""144366"""
"KEBUN BINATANG SURABAYA;""Agustus"";""Wisman"";""0"""
"KEBUN BINATANG SURABAYA;""Agustus"";""Wisnu"";""93331"""
"KEBUN BINATANG SURABAYA;""September"";""Wisman"";""0"""
"KEBUN BINATANG SURABAYA;""September"";""Wisnu"";""105353"""
"KEBUN BINATANG SURABAYA;""Oktober"";""Wisman"";""0"""
"KEBUN BINATANG SURABAYA;""Oktober"";""Wisnu"";""146627"""
"KEBUN BINATANG SURABAYA;""November"";""Wisman"";""0"""
"KEBUN BINATANG SURABAYA;""November"";""Wisnu"";""148690"""
"KEBUN BINATANG SURABAYA;""Desember"";""Wisman"";""0"""
"KEBUN BINATANG SURABAYA;""Desember"";""Wisnu"";""249173"""
"MONKASEL;""Januari"";""Wisman"";""0"""
"MONKASEL;""Januari"";""Wisnu"";""4725"""
"MONKASEL;""Februari"";""Wisman"";""0"""
"MONKASEL;""Februari"";""Wisnu"";""3225"""
"MONKASEL;""Maret"";""Wisman"";""0"""
"MONKASEL;""Maret"";""Wisnu"";""3500"""
"MONKASEL;""April"";""Wisman"";""0"""
"MONKASEL;""April"";""Wisnu"";""2225"""
"MONKASEL;""Mei"";""Wisman"";""42"""
"MONKASEL;""Mei"";""Wisnu"";""16499"""
"MONKASEL;""Juni"";""Wisman"";""30"""
"MONKASEL;""Juni"";""Wisnu"";""15209"""
"MONKASEL;""Juli"";""Wisman"";""185"""
"MONKASEL;""Juli"";""Wisnu"";""18345"""
"MONKASEL;""Agustus"";""Wisman"";""288"""
"MONKASEL;""Agustus"";""Wisnu"";""6194"""
"MONKASEL;""September"";""Wisman"";""307"""
"MONKASEL;""September"";""Wisnu"";""7295"""
"MONKASEL;""Oktober"";""Wisman"";""368"""
"MONKASEL;""Oktober"";""Wisnu"";""7010"""
"MONKASEL;""November"";""Wisman"";""555"""
"MONKASEL;""November"";""Wisnu"";""8510"""
"MONKASEL;""Desember"";""Wisman"";""0"""
"MONKASEL;""Desember"";""Wisnu"";""0"""
"TAMAN BUDAYA JATIM;""Januari"";""Wisman"";""0"""
"TAMAN BUDAYA JATIM;""Januari"";""Wisnu"";""1429"""
"TAMAN BUDAYA JATIM;""Februari"";""Wisman"";""0"""
"TAMAN BUDAYA JATIM;""Februari"";""Wisnu"";""1685"""
"TAMAN BUDAYA JATIM;""Maret"";""Wisman"";""0"""
"TAMAN BUDAYA JATIM;""Maret"";""Wisnu"";""2706"""
"TAMAN BUDAYA JATIM;""April"";""Wisman"";""0"""
"PERPUSTAKAAN BALAI PEMUDA;""Oktober"";""Wisman"";""0"""
"PERPUSTAKAAN BALAI PEMUDA;""Oktober"";""Wisnu"";""0"""
"PERPUSTAKAAN BALAI PEMUDA;""November"";""Wisman"";""0"""
"PERPUSTAKAAN BALAI PEMUDA;""November"";""Wisnu"";""0"""
"PERPUSTAKAAN BALAI PEMUDA;""Desember"";""Wisman"";""0"""
"PERPUSTAKAAN BALAI PEMUDA;""Desember"";""Wisnu"";""0"""
"KAMPUNG LAWAS MASPATI;""Januari"";""Wisman"";""0"""
"KAMPUNG LAWAS MASPATI;""Januari"";""Wisnu"";""122"""
"KAMPUNG LAWAS MASPATI;""Februari"";""Wisman"";""0"""
"KAMPUNG LAWAS MASPATI;""Februari"";""Wisnu"";""0"""
"KAMPUNG LAWAS MASPATI;""Maret"";""Wisman"";""0"""
"KAMPUNG LAWAS MASPATI;""Maret"";""Wisnu"";""32"""
"KAMPUNG LAWAS MASPATI;""April"";""Wisman"";""0"""
"KAMPUNG LAWAS MASPATI;""April"";""Wisnu"";""50"""
"KAMPUNG LAWAS MASPATI;""Mei"";""Wisman"";""0"""
"KAMPUNG LAWAS MASPATI;""Mei"";""Wisnu"";""116"""
"KAMPUNG LAWAS MASPATI;""Juni"";""Wisman"";""10"""
"KAMPUNG LAWAS MASPATI;""Juni"";""Wisnu"";""54"""
"KAMPUNG LAWAS MASPATI;""Juli"";""Wisman"";""0"""
"KAMPUNG LAWAS MASPATI;""Juli"";""Wisnu"";""0"""
"KAMPUNG LAWAS MASPATI;""Agustus"";""Wisman"";""15"""
"KAMPUNG LAWAS MASPATI;""Agustus"";""Wisnu"";""50"""
"KAMPUNG LAWAS MASPATI;""September"";""Wisman"";""8"""
"KAMPUNG LAWAS MASPATI;""September"";""Wisnu"";""75"""
"KAMPUNG LAWAS MASPATI;""Oktober"";""Wisman"";""25"""
"KAMPUNG LAWAS MASPATI;""Oktober"";""Wisnu"";""115"""
"KAMPUNG LAWAS MASPATI;""November"";""Wisman"";""5"""
"KAMPUNG LAWAS MASPATI;""November"";""Wisnu"";""125"""
"KAMPUNG LAWAS MASPATI;""Desember"";""Wisman"";""200"""
"KAMPUNG LAWAS MASPATI;""Desember"";""Wisnu"";""100"""
"G. WALK;""Januari"";""Wisman"";""0"""
"G. WALK;""Januari"";""Wisnu"";""46213"""
"G. WALK;""Februari"";""Wisman"";""0"""
"G. WALK;""Februari"";""Wisnu"";""105121"""
"G. WALK;""Maret"";""Wisman"";""0"""
"G. WALK;""Maret"";""Wisnu"";""124586"""
"G. WALK;""April"";""Wisman"";""0"""
"G. WALK;""April"";""Wisnu"";""22154"""
"G. WALK;""Mei"";""Wisman"";""0"""
"G. WALK;""Mei"";""Wisnu"";""356"""
"G. WALK;""Juni"";""Wisman"";""0"""
"G. WALK;""Juni"";""Wisnu"";""250000"""
"G. WALK;""Juli"";""Wisman"";""0"""
"G. WALK;""Juli"";""Wisnu"";""196974"""
"G. WALK;""Agustus"";""Wisman"";""0"""
"G. WALK;""Agustus"";""Wisnu"";""141213"""
"G. WALK;""September"";""Wisman"";""0"""
"G. WALK;""September"";""Wisnu"";""231000"""
"G. WALK;""Oktober"";""Wisman"";""0"""
"G. WALK;""Oktober"";""Wisnu"";""0"""
"G. WALK;""November"";""Wisman"";""0"""
"G. WALK;""November"";""Wisnu"";""0"""
"G. WALK;""Desember"";""Wisman"";""0"""
"G. WALK;""Desember"";""Wisnu"";""0"""
"PASAR BUNGA KAYOON;""Januari"";""Wisman"";""0"""
"PASAR BUNGA KAYOON;""Januari"";""Wisnu"";""210"""
"PASAR BUNGA KAYOON;""Februari"";""Wisman"";""0"""
"PASAR BUNGA KAYOON;""Februari"";""Wisnu"";""295"""
"PASAR BUNGA KAYOON;""Maret"";""Wisman"";""0"""
"PASAR BUNGA KAYOON;""Maret"";""Wisnu"";""340"""
"PASAR BUNGA KAYOON;""April"";""Wisman"";""0"""
"MIROTA BATIK;""Oktober"";""Wisnu"";""431"""
"MIROTA BATIK;""November"";""Wisman"";""182"""
"MIROTA BATIK;""November"";""Wisnu"";""505"""
"MIROTA BATIK;""Desember"";""Wisman"";""122"""
"MIROTA BATIK;""Desember"";""Wisnu"";""616"""
"MANGROVE WONOREJO;""Januari"";""Wisman"";""0"""
"MANGROVE WONOREJO;""Januari"";""Wisnu"";""3463"""
"MANGROVE WONOREJO;""Februari"";""Wisman"";""0"""
"MANGROVE WONOREJO;""Februari"";""Wisnu"";""2260"""
"MANGROVE WONOREJO;""Maret"";""Wisman"";""0"""
"MANGROVE WONOREJO;""Maret"";""Wisnu"";""2163"""
"MANGROVE WONOREJO;""April"";""Wisman"";""15"""
"MANGROVE WONOREJO;""April"";""Wisnu"";""1700"""
"MANGROVE WONOREJO;""Mei"";""Wisman"";""15"""
"MANGROVE WONOREJO;""Mei"";""Wisnu"";""4276"""
"MANGROVE WONOREJO;""Juni"";""Wisman"";""0"""
"MANGROVE WONOREJO;""Juni"";""Wisnu"";""2260"""
"MANGROVE WONOREJO;""Juli"";""Wisman"";""4"""
"MANGROVE WONOREJO;""Juli"";""Wisnu"";""3909"""
"MANGROVE WONOREJO;""Agustus"";""Wisman"";""10"""
"MANGROVE WONOREJO;""Agustus"";""Wisnu"";""2383"""
"MANGROVE WONOREJO;""September"";""Wisman"";""3"""
"MANGROVE WONOREJO;""September"";""Wisnu"";""2310"""
"MANGROVE WONOREJO;""Oktober"";""Wisman"";""7"""
"MANGROVE WONOREJO;""Oktober"";""Wisnu"";""2539"""
"MANGROVE WONOREJO;""November"";""Wisman"";""0"""
"MANGROVE WONOREJO;""November"";""Wisnu"";""0"""
"MANGROVE WONOREJO;""Desember"";""Wisman"";""0"""
"MANGROVE WONOREJO;""Desember"";""Wisnu"";""0"""
"MANGROVE GNG ANYAR;""Januari"";""Wisman"";""0"""
"MANGROVE GNG ANYAR;""Januari"";""Wisnu"";""461"""
"MANGROVE GNG ANYAR;""Februari"";""Wisman"";""0"""
"MANGROVE GNG ANYAR;""Februari"";""Wisnu"";""3958"""
"MANGROVE GNG ANYAR;""Maret"";""Wisman"";""0"""
"MANGROVE GNG ANYAR;""Maret"";""Wisnu"";""2633"""
"MANGROVE GNG ANYAR;""April"";""Wisman"";""0"""
"MANGROVE GNG ANYAR;""April"";""Wisnu"";""598"""
"MANGROVE GNG ANYAR;""Mei"";""Wisman"";""0"""
"MANGROVE GNG ANYAR;""Mei"";""Wisnu"";""2885"""
"MANGROVE GNG ANYAR;""Juni"";""Wisman"";""0"""
"MANGROVE GNG ANYAR;""Juni"";""Wisnu"";""2825"""
"MANGROVE GNG ANYAR;""Juli"";""Wisman"";""0"""
"MANGROVE GNG ANYAR;""Juli"";""Wisnu"";""3312"""
"MANGROVE GNG ANYAR;""Agustus"";""Wisman"";""0"""
"MANGROVE GNG ANYAR;""Agustus"";""Wisnu"";""19"""
"MANGROVE GNG ANYAR;""September"";""Wisman"";""0"""
"MANGROVE GNG ANYAR;""September"";""Wisnu"";""37"""
"MANGROVE GNG ANYAR;""Oktober"";""Wisman"";""0"""
"MANGROVE GNG ANYAR;""Oktober"";""Wisnu"";""15"""
"MANGROVE GNG ANYAR;""November"";""Wisman"";""0"""
"MANGROVE GNG ANYAR;""November"";""Wisnu"";""56"""
"MANGROVE GNG ANYAR;""Desember"";""Wisman"";""0"""
"MANGROVE GNG ANYAR;""Desember"";""Wisnu"";""229"""
"CIPUTRA GOLF;""Januari"";""Wisman"";""362"""
"CIPUTRA GOLF;""Januari"";""Wisnu"";""1450"""
"CIPUTRA GOLF;""Februari"";""Wisman"";""304"""
"CIPUTRA GOLF;""Februari"";""Wisnu"";""1216"""
"CIPUTRA GOLF;""Maret"";""Wisman"";""398"""
"CIPUTRA GOLF;""Maret"";""Wisnu"";""1591"""
"CIPUTRA GOLF;""April"";""Wisman"";""319"""
"CIPUTRA GOLF;""April"";""Wisnu"";""1274"""
"MANGROVE MEDOKAN AYU;""November"";""Wisman"";""0"""
"MANGROVE MEDOKAN AYU;""November"";""Wisnu"";""1590"""
"MANGROVE MEDOKAN AYU;""Desember"";""Wisman"";""0"""
"MANGROVE MEDOKAN AYU;""Desember"";""Wisnu"";""2687"""
"PURA JAGAD KARANA;""Januari"";""Wisman"";""0"""
"PURA JAGAD KARANA;""Januari"";""Wisnu"";""263"""
"PURA JAGAD KARANA;""Februari"";""Wisman"";""0"""
"PURA JAGAD KARANA;""Februari"";""Wisnu"";""152"""
"PURA JAGAD KARANA;""Maret"";""Wisman"";""0"""
"PURA JAGAD KARANA;""Maret"";""Wisnu"";""256"""
"PURA JAGAD KARANA;""April"";""Wisman"";""0"""
"PURA JAGAD KARANA;""April"";""Wisnu"";""0"""
"PURA JAGAD KARANA;""Mei"";""Wisman"";""15"""
"PURA JAGAD KARANA;""Mei"";""Wisnu"";""190"""
"PURA JAGAD KARANA;""Juni"";""Wisman"";""25"""
"PURA JAGAD KARANA;""Juni"";""Wisnu"";""235"""
"PURA JAGAD KARANA;""Juli"";""Wisman"";""15"""
"PURA JAGAD KARANA;""Juli"";""Wisnu"";""253"""
"PURA JAGAD KARANA;""Agustus"";""Wisman"";""15"""
"PURA JAGAD KARANA;""Agustus"";""Wisnu"";""288"""
"PURA JAGAD KARANA;""September"";""Wisman"";""37"""
"PURA JAGAD KARANA;""September"";""Wisnu"";""345"""
"PURA JAGAD KARANA;""Oktober"";""Wisman"";""45"""
"PURA JAGAD KARANA;""Oktober"";""Wisnu"";""402"""
"PURA JAGAD KARANA;""November"";""Wisman"";""0"""
"PURA JAGAD KARANA;""November"";""Wisnu"";""0"""
"PURA JAGAD KARANA;""Desember"";""Wisman"";""0"""
"PURA JAGAD KARANA;""Desember"";""Wisnu"";""0"""
"MUSEUM BLOCKBUSTER;""Januari"";""Wisman"";""0"""
"MUSEUM BLOCKBUSTER;""Januari"";""Wisnu"";""124"""
"MUSEUM BLOCKBUSTER;""Februari"";""Wisman"";""0"""
"MUSEUM BLOCKBUSTER;""Februari"";""Wisnu"";""65"""
"MUSEUM BLOCKBUSTER;""Maret"";""Wisman"";""0"""
"MUSEUM BLOCKBUSTER;""Maret"";""Wisnu"";""96"""
"MUSEUM BLOCKBUSTER;""April"";""Wisman"";""0"""
"MUSEUM BLOCKBUSTER;""April"";""Wisnu"";""231"""
"MUSEUM BLOCKBUSTER;""Mei"";""Wisman"";""0"""
"MUSEUM BLOCKBUSTER;""Mei"";""Wisnu"";""141"""
"MUSEUM BLOCKBUSTER;""Juni"";""Wisman"";""0"""
"MUSEUM BLOCKBUSTER;""Juni"";""Wisnu"";""235"""
"MUSEUM BLOCKBUSTER;""Juli"";""Wisman"";""0"""
"MUSEUM BLOCKBUSTER;""Juli"";""Wisnu"";""171"""
"MUSEUM BLOCKBUSTER;""Agustus"";""Wisman"";""0"""
"MUSEUM BLOCKBUSTER;""Agustus"";""Wisnu"";""164"""
"MUSEUM BLOCKBUSTER;""September"";""Wisman"";""0"""
"MUSEUM BLOCKBUSTER;""September"";""Wisnu"";""69"""
"MUSEUM BLOCKBUSTER;""Oktober"";""Wisman"";""0"""
"MUSEUM BLOCKBUSTER;""Oktober"";""Wisnu"";""73"""
"MUSEUM BLOCKBUSTER;""November"";""Wisman"";""0"""
"MUSEUM BLOCKBUSTER;""November"";""Wisnu"";""120"""
"MUSEUM BLOCKBUSTER;""Desember"";""Wisman"";""0"""
"MUSEUM BLOCKBUSTER;""Desember"";""Wisnu"";""211"""
"TUNJUNGAN ROMANSA;""Januari"";""Wisman"";""0"""
"TUNJUNGAN ROMANSA;""Januari"";""Wisnu"";""0"""
"TUNJUNGAN ROMANSA;""Februari"";""Wisman"";""0"""
"TUNJUNGAN ROMANSA;""Februari"";""Wisnu"";""801"""
"TUNJUNGAN ROMANSA;""Maret"";""Wisman"";""0"""
"TUNJUNGAN ROMANSA;""Maret"";""Wisnu"";""503"""
"TUNJUNGAN ROMANSA;""April"";""Wisman"";""0"""
"TUNJUNGAN ROMANSA;""April"";""Wisnu"";""0"""
"UPTD BALAI PEMUDA & TIC & Alun2 surabaya;""Juni"";""Wisnu"";""75745"""
"UPTD BALAI PEMUDA & TIC & Alun2 surabaya;""Juli"";""Wisman"";""0"""
"UPTD BALAI PEMUDA & TIC & Alun2 surabaya;""Juli"";""Wisnu"";""119521"""
"UPTD BALAI PEMUDA & TIC & Alun2 surabaya;""Agustus"";""Wisman"";""0"""
"UPTD BALAI PEMUDA & TIC & Alun2 surabaya;""Agustus"";""Wisnu"";""50969"""
"UPTD BALAI PEMUDA & TIC & Alun2 surabaya;""September"";""Wisman"";""0"""
"UPTD BALAI PEMUDA & TIC & Alun2 surabaya;""September"";""Wisnu"";""43820"""
"UPTD BALAI PEMUDA & TIC & Alun2 surabaya;""Oktober"";""Wisman"";""0"""
"UPTD BALAI PEMUDA & TIC & Alun2 surabaya;""Oktober"";""Wisnu"";""50180"""
"UPTD BALAI PEMUDA & TIC & Alun2 surabaya;""November"";""Wisman"";""0"""
"UPTD BALAI PEMUDA & TIC & Alun2 surabaya;""November"";""Wisnu"";""59403"""
"UPTD BALAI PEMUDA & TIC & Alun2 surabaya;""Desember"";""Wisman"";""0"""
"UPTD BALAI PEMUDA & TIC & Alun2 surabaya;""Desember"";""Wisnu"";""125776"""
"MUSEUM TUGU PAHLAWAN;""Januari"";""Wisman"";""7"""
"MUSEUM TUGU PAHLAWAN;""Januari"";""Wisnu"";""8172"""
"MUSEUM TUGU PAHLAWAN;""Februari"";""Wisman"";""21"""
"MUSEUM TUGU PAHLAWAN;""Februari"";""Wisnu"";""5271"""
"MUSEUM TUGU PAHLAWAN;""Maret"";""Wisman"";""47"""
"MUSEUM TUGU PAHLAWAN;""Maret"";""Wisnu"";""6699"""
"MUSEUM TUGU PAHLAWAN;""April"";""Wisman"";""24"""
"MUSEUM TUGU PAHLAWAN;""April"";""Wisnu"";""1711"""
"MUSEUM TUGU PAHLAWAN;""Mei"";""Wisman"";""34"""
"MUSEUM TUGU PAHLAWAN;""Mei"";""Wisnu"";""7647"""
"MUSEUM TUGU PAHLAWAN;""Juni"";""Wisman"";""72"""
"MUSEUM TUGU PAHLAWAN;""Juni"";""Wisnu"";""11364"""
"MUSEUM TUGU PAHLAWAN;""Juli"";""Wisman"";""79"""
"MUSEUM TUGU PAHLAWAN;""Juli"";""Wisnu"";""10805"""
"MUSEUM TUGU PAHLAWAN;""Agustus"";""Wisman"";""229"""
"MUSEUM TUGU PAHLAWAN;""Agustus"";""Wisnu"";""9404"""
"MUSEUM TUGU PAHLAWAN;""September"";""Wisman"";""112"""
"MUSEUM TUGU PAHLAWAN;""September"";""Wisnu"";""92414"""
"MUSEUM TUGU PAHLAWAN;""Oktober"";""Wisman"";""77"""
"MUSEUM TUGU PAHLAWAN;""Oktober"";""Wisnu"";""19493"""
"MUSEUM TUGU PAHLAWAN;""November"";""Wisman"";""161"""
"MUSEUM TUGU PAHLAWAN;""November"";""Wisnu"";""29719"""
"MUSEUM TUGU PAHLAWAN;""Desember"";""Wisman"";""382"""
"MUSEUM TUGU PAHLAWAN;""Desember"";""Wisnu"";""18742"""
"MUSEUM SURABAYA;""Januari"";""Wisman"";""0"""
"MUSEUM SURABAYA;""Januari"";""Wisnu"";""830"""
"MUSEUM SURABAYA;""Februari"";""Wisman"";""0"""
"MUSEUM SURABAYA;""Februari"";""Wisnu"";""1179"""
"MUSEUM SURABAYA;""Maret"";""Wisman"";""0"""
"MUSEUM SURABAYA;""Maret"";""Wisnu"";""288"""
"MUSEUM SURABAYA;""April"";""Wisman"";""0"""
"MUSEUM SURABAYA;""April"";""Wisnu"";""34"""
"MUSEUM SURABAYA;""Mei"";""Wisman"";""0"""
"MUSEUM SURABAYA;""Mei"";""Wisnu"";""0"""
"MUSEUM SURABAYA;""Juni"";""Wisman"";""0"""
"MUSEUM SURABAYA;""Juni"";""Wisnu"";""0"""
"MUSEUM SURABAYA;""Juli"";""Wisman"";""0"""
"MUSEUM SURABAYA;""Juli"";""Wisnu"";""0"""
"MUSEUM SURABAYA;""Agustus"";""Wisman"";""0"""
"MUSEUM SURABAYA;""Agustus"";""Wisnu"";""0"""
"MUSEUM SURABAYA;""September"";""Wisman"";""0"""
"MUSEUM SURABAYA;""September"";""Wisnu"";""0"""
"MUSEUM SURABAYA;""Oktober"";""Wisman"";""0"""
"MUSEUM SURABAYA;""Oktober"";""Wisnu"";""0"""
"MUSEUM SURABAYA;""November"";""Wisman"";""0"""
"TAMAN BUDAYA JATIM;""April"";""Wisnu"";""1651"""
"TAMAN BUDAYA JATIM;""Mei"";""Wisman"";""0"""
"TAMAN BUDAYA JATIM;""Mei"";""Wisnu"";""2547"""
"TAMAN BUDAYA JATIM;""Juni"";""Wisman"";""0"""
"TAMAN BUDAYA JATIM;""Juni"";""Wisnu"";""4256"""
"TAMAN BUDAYA JATIM;""Juli"";""Wisman"";""0"""
"TAMAN BUDAYA JATIM;""Juli"";""Wisnu"";""5150"""
"TAMAN BUDAYA JATIM;""Agustus"";""Wisman"";""0"""
"TAMAN BUDAYA JATIM;""Agustus"";""Wisnu"";""6466"""
"TAMAN BUDAYA JATIM;""September"";""Wisman"";""0"""
"TAMAN BUDAYA JATIM;""September"";""Wisnu"";""5018"""
"TAMAN BUDAYA JATIM;""Oktober"";""Wisman"";""0"""
"TAMAN BUDAYA JATIM;""Oktober"";""Wisnu"";""6750"""
"TAMAN BUDAYA JATIM;""November"";""Wisman"";""0"""
"TAMAN BUDAYA JATIM;""November"";""Wisnu"";""9247"""
"TAMAN BUDAYA JATIM;""Desember"";""Wisman"";""0"""
"TAMAN BUDAYA JATIM;""Desember"";""Wisnu"";""3373"""
"BALAI KOTA  ( SSCT );""Januari"";""Wisman"";""0"""
"BALAI KOTA  ( SSCT );""Januari"";""Wisnu"";""0"""
"BALAI KOTA  ( SSCT );""Februari"";""Wisman"";""0"""
"BALAI KOTA  ( SSCT );""Februari"";""Wisnu"";""0"""
"BALAI KOTA  ( SSCT );""Maret"";""Wisman"";""0"""
"BALAI KOTA  ( SSCT );""Maret"";""Wisnu"";""0"""
"BALAI KOTA  ( SSCT );""April"";""Wisman"";""0"""
"BALAI KOTA  ( SSCT );""April"";""Wisnu"";""81"""
"BALAI KOTA  ( SSCT );""Mei"";""Wisman"";""0"""
"BALAI KOTA  ( SSCT );""Mei"";""Wisnu"";""146"""
"BALAI KOTA  ( SSCT );""Juni"";""Wisman"";""0"""
"BALAI KOTA  ( SSCT );""Juni"";""Wisnu"";""0"""
"BALAI KOTA  ( SSCT );""Juli"";""Wisman"";""43"""
"BALAI KOTA  ( SSCT );""Juli"";""Wisnu"";""205"""
"BALAI KOTA  ( SSCT );""Agustus"";""Wisman"";""0"""
"BALAI KOTA  ( SSCT );""Agustus"";""Wisnu"";""152"""
"BALAI KOTA  ( SSCT );""September"";""Wisman"";""61"""
"BALAI KOTA  ( SSCT );""September"";""Wisnu"";""132"""
"BALAI KOTA  ( SSCT );""Oktober"";""Wisman"";""67"""
"BALAI KOTA  ( SSCT );""Oktober"";""Wisnu"";""209"""
"BALAI KOTA  ( SSCT );""November"";""Wisman"";""63"""
"BALAI KOTA  ( SSCT );""November"";""Wisnu"";""191"""
"BALAI KOTA  ( SSCT );""Desember"";""Wisman"";""61"""
"BALAI KOTA  ( SSCT );""Desember"";""Wisnu"";""132"""
"PERPUSTAKAAN BALAI PEMUDA;""Januari"";""Wisman"";""0"""
"PERPUSTAKAAN BALAI PEMUDA;""Januari"";""Wisnu"";""5900"""
"PERPUSTAKAAN BALAI PEMUDA;""Februari"";""Wisman"";""0"""
"PERPUSTAKAAN BALAI PEMUDA;""Februari"";""Wisnu"";""1889"""
"PERPUSTAKAAN BALAI PEMUDA;""Maret"";""Wisman"";""0"""
"PERPUSTAKAAN BALAI PEMUDA;""Maret"";""Wisnu"";""0"""
"PERPUSTAKAAN BALAI PEMUDA;""April"";""Wisman"";""0"""
"PERPUSTAKAAN BALAI PEMUDA;""April"";""Wisnu"";""3982"""
"PERPUSTAKAAN BALAI PEMUDA;""Mei"";""Wisman"";""0"""
"PERPUSTAKAAN BALAI PEMUDA;""Mei"";""Wisnu"";""3483"""
"PERPUSTAKAAN BALAI PEMUDA;""Juni"";""Wisman"";""0"""
"PERPUSTAKAAN BALAI PEMUDA;""Juni"";""Wisnu"";""0"""
"PERPUSTAKAAN BALAI PEMUDA;""Juli"";""Wisman"";""0"""
"PERPUSTAKAAN BALAI PEMUDA;""Juli"";""Wisnu"";""0"""
"PERPUSTAKAAN BALAI PEMUDA;""Agustus"";""Wisman"";""0"""
"PERPUSTAKAAN BALAI PEMUDA;""Agustus"";""Wisnu"";""0"""
"PERPUSTAKAAN BALAI PEMUDA;""September"";""Wisman"";""0"""
"PERPUSTAKAAN BALAI PEMUDA;""September"";""Wisnu"";""0"""
"PASAR BUNGA KAYOON;""April"";""Wisnu"";""189"""
"PASAR BUNGA KAYOON;""Mei"";""Wisman"";""0"""
"PASAR BUNGA KAYOON;""Mei"";""Wisnu"";""560"""
"PASAR BUNGA KAYOON;""Juni"";""Wisman"";""0"""
"PASAR BUNGA KAYOON;""Juni"";""Wisnu"";""495"""
"PASAR BUNGA KAYOON;""Juli"";""Wisman"";""0"""
"PASAR BUNGA KAYOON;""Juli"";""Wisnu"";""659"""
"PASAR BUNGA KAYOON;""Agustus"";""Wisman"";""0"""
"PASAR BUNGA KAYOON;""Agustus"";""Wisnu"";""580"""
"PASAR BUNGA KAYOON;""September"";""Wisman"";""0"""
"PASAR BUNGA KAYOON;""September"";""Wisnu"";""596"""
"PASAR BUNGA KAYOON;""Oktober"";""Wisman"";""0"""
"PASAR BUNGA KAYOON;""Oktober"";""Wisnu"";""495"""
"PASAR BUNGA KAYOON;""November"";""Wisman"";""0"""
"PASAR BUNGA KAYOON;""November"";""Wisnu"";""0"""
"PASAR BUNGA KAYOON;""Desember"";""Wisman"";""105"""
"PASAR BUNGA KAYOON;""Desember"";""Wisnu"";""498"""
"CITRALAND FRESH MARKET;""Januari"";""Wisman"";""0"""
"CITRALAND FRESH MARKET;""Januari"";""Wisnu"";""21900"""
"CITRALAND FRESH MARKET;""Februari"";""Wisman"";""0"""
"CITRALAND FRESH MARKET;""Februari"";""Wisnu"";""21654"""
"CITRALAND FRESH MARKET;""Maret"";""Wisman"";""0"""
"CITRALAND FRESH MARKET;""Maret"";""Wisnu"";""22154"""
"CITRALAND FRESH MARKET;""April"";""Wisman"";""0"""
"CITRALAND FRESH MARKET;""April"";""Wisnu"";""20866"""
"CITRALAND FRESH MARKET;""Mei"";""Wisman"";""0"""
"CITRALAND FRESH MARKET;""Mei"";""Wisnu"";""24154"""
"CITRALAND FRESH MARKET;""Juni"";""Wisman"";""0"""
"CITRALAND FRESH MARKET;""Juni"";""Wisnu"";""90000"""
"CITRALAND FRESH MARKET;""Juli"";""Wisman"";""0"""
"CITRALAND FRESH MARKET;""Juli"";""Wisnu"";""22750"""
"CITRALAND FRESH MARKET;""Agustus"";""Wisman"";""0"""
"CITRALAND FRESH MARKET;""Agustus"";""Wisnu"";""22866"""
"CITRALAND FRESH MARKET;""September"";""Wisman"";""0"""
"CITRALAND FRESH MARKET;""September"";""Wisnu"";""35866"""
"CITRALAND FRESH MARKET;""Oktober"";""Wisman"";""0"""
"CITRALAND FRESH MARKET;""Oktober"";""Wisnu"";""0"""
"CITRALAND FRESH MARKET;""November"";""Wisman"";""0"""
"CITRALAND FRESH MARKET;""November"";""Wisnu"";""0"""
"CITRALAND FRESH MARKET;""Desember"";""Wisman"";""0"""
"CITRALAND FRESH MARKET;""Desember"";""Wisnu"";""0"""
"MIROTA BATIK;""Januari"";""Wisman"";""0"""
"MIROTA BATIK;""Januari"";""Wisnu"";""122"""
"MIROTA BATIK;""Februari"";""Wisman"";""0"""
"MIROTA BATIK;""Februari"";""Wisnu"";""89"""
"MIROTA BATIK;""Maret"";""Wisman"";""0"""
"MIROTA BATIK;""Maret"";""Wisnu"";""140"""
"MIROTA BATIK;""April"";""Wisman"";""0"""
"MIROTA BATIK;""April"";""Wisnu"";""13"""
"MIROTA BATIK;""Mei"";""Wisman"";""66"""
"MIROTA BATIK;""Mei"";""Wisnu"";""439"""
"MIROTA BATIK;""Juni"";""Wisman"";""77"""
"MIROTA BATIK;""Juni"";""Wisnu"";""596"""
"MIROTA BATIK;""Juli"";""Wisman"";""57"""
"MIROTA BATIK;""Juli"";""Wisnu"";""510"""
"MIROTA BATIK;""Agustus"";""Wisman"";""90"""
"MIROTA BATIK;""Agustus"";""Wisnu"";""485"""
"MIROTA BATIK;""September"";""Wisman"";""129"""
"MIROTA BATIK;""September"";""Wisnu"";""406"""
"MIROTA BATIK;""Oktober"";""Wisman"";""221"""
"CIPUTRA GOLF;""Mei"";""Wisman"";""448"""
"CIPUTRA GOLF;""Mei"";""Wisnu"";""1794"""
"CIPUTRA GOLF;""Juni"";""Wisman"";""496"""
"CIPUTRA GOLF;""Juni"";""Wisnu"";""1986"""
"CIPUTRA GOLF;""Juli"";""Wisman"";""456"""
"CIPUTRA GOLF;""Juli"";""Wisnu"";""1825"""
"CIPUTRA GOLF;""Agustus"";""Wisman"";""411"""
"CIPUTRA GOLF;""Agustus"";""Wisnu"";""1643"""
"CIPUTRA GOLF;""September"";""Wisman"";""471"""
"CIPUTRA GOLF;""September"";""Wisnu"";""1883"""
"CIPUTRA GOLF;""Oktober"";""Wisman"";""524"""
"CIPUTRA GOLF;""Oktober"";""Wisnu"";""2098"""
"CIPUTRA GOLF;""November"";""Wisman"";""483"""
"CIPUTRA GOLF;""November"";""Wisnu"";""1931"""
"CIPUTRA GOLF;""Desember"";""Wisman"";""515"""
"CIPUTRA GOLF;""Desember"";""Wisnu"";""2060"""
"SURABAYA NORTH QUAY;""Januari"";""Wisman"";""0"""
"SURABAYA NORTH QUAY;""Januari"";""Wisnu"";""2670"""
"SURABAYA NORTH QUAY;""Februari"";""Wisman"";""0"""
"SURABAYA NORTH QUAY;""Februari"";""Wisnu"";""0"""
"SURABAYA NORTH QUAY;""Maret"";""Wisman"";""0"""
"SURABAYA NORTH QUAY;""Maret"";""Wisnu"";""5700"""
"SURABAYA NORTH QUAY;""April"";""Wisman"";""0"""
"SURABAYA NORTH QUAY;""April"";""Wisnu"";""4123"""
"SURABAYA NORTH QUAY;""Mei"";""Wisman"";""0"""
"SURABAYA NORTH QUAY;""Mei"";""Wisnu"";""7979"""
"SURABAYA NORTH QUAY;""Juni"";""Wisman"";""0"""
"SURABAYA NORTH QUAY;""Juni"";""Wisnu"";""8615"""
"SURABAYA NORTH QUAY;""Juli"";""Wisman"";""0"""
"SURABAYA NORTH QUAY;""Juli"";""Wisnu"";""11593"""
"SURABAYA NORTH QUAY;""Agustus"";""Wisman"";""0"""
"SURABAYA NORTH QUAY;""Agustus"";""Wisnu"";""9639"""
"SURABAYA NORTH QUAY;""September"";""Wisman"";""0"""
"SURABAYA NORTH QUAY;""September"";""Wisnu"";""6798"""
"SURABAYA NORTH QUAY;""Oktober"";""Wisman"";""0"""
"SURABAYA NORTH QUAY;""Oktober"";""Wisnu"";""7477"""
"SURABAYA NORTH QUAY;""November"";""Wisman"";""0"""
"SURABAYA NORTH QUAY;""November"";""Wisnu"";""6556"""
"SURABAYA NORTH QUAY;""Desember"";""Wisman"";""0"""
"SURABAYA NORTH QUAY;""Desember"";""Wisnu"";""0"""
"MANGROVE MEDOKAN AYU;""Januari"";""Wisman"";""0"""
"MANGROVE MEDOKAN AYU;""Januari"";""Wisnu"";""424"""
"MANGROVE MEDOKAN AYU;""Februari"";""Wisman"";""0"""
"MANGROVE MEDOKAN AYU;""Februari"";""Wisnu"";""2278"""
"MANGROVE MEDOKAN AYU;""Maret"";""Wisman"";""0"""
"MANGROVE MEDOKAN AYU;""Maret"";""Wisnu"";""2424"""
"MANGROVE MEDOKAN AYU;""April"";""Wisman"";""0"""
"MANGROVE MEDOKAN AYU;""April"";""Wisnu"";""270"""
"MANGROVE MEDOKAN AYU;""Mei"";""Wisman"";""0"""
"MANGROVE MEDOKAN AYU;""Mei"";""Wisnu"";""2099"""
"MANGROVE MEDOKAN AYU;""Juni"";""Wisman"";""0"""
"MANGROVE MEDOKAN AYU;""Juni"";""Wisnu"";""1733"""
"MANGROVE MEDOKAN AYU;""Juli"";""Wisman"";""0"""
"MANGROVE MEDOKAN AYU;""Juli"";""Wisnu"";""1813"""
"MANGROVE MEDOKAN AYU;""Agustus"";""Wisman"";""0"""
"MANGROVE MEDOKAN AYU;""Agustus"";""Wisnu"";""1424"""
"MANGROVE MEDOKAN AYU;""September"";""Wisman"";""0"""
"MANGROVE MEDOKAN AYU;""September"";""Wisnu"";""1425"""
"MANGROVE MEDOKAN AYU;""Oktober"";""Wisman"";""0"""
"MANGROVE MEDOKAN AYU;""Oktober"";""Wisnu"";""1368"""
"TUNJUNGAN ROMANSA;""Mei"";""Wisman"";""0"""
"TUNJUNGAN ROMANSA;""Mei"";""Wisnu"";""0"""
"TUNJUNGAN ROMANSA;""Juni"";""Wisman"";""0"""
"TUNJUNGAN ROMANSA;""Juni"";""Wisnu"";""0"""
"TUNJUNGAN ROMANSA;""Juli"";""Wisman"";""0"""
"TUNJUNGAN ROMANSA;""Juli"";""Wisnu"";""0"""
"TUNJUNGAN ROMANSA;""Agustus"";""Wisman"";""0"""
"TUNJUNGAN ROMANSA;""Agustus"";""Wisnu"";""0"""
"TUNJUNGAN ROMANSA;""September"";""Wisman"";""0"""
"TUNJUNGAN ROMANSA;""September"";""Wisnu"";""0"""
"TUNJUNGAN ROMANSA;""Oktober"";""Wisman"";""0"""
"TUNJUNGAN ROMANSA;""Oktober"";""Wisnu"";""0"""
"TUNJUNGAN ROMANSA;""November"";""Wisman"";""0"""
"TUNJUNGAN ROMANSA;""November"";""Wisnu"";""0"""
"TUNJUNGAN ROMANSA;""Desember"";""Wisman"";""0"""
"TUNJUNGAN ROMANSA;""Desember"";""Wisnu"";""0"""
"MUSEUM WR.SUPRATMAN;""Februari"";""Wisman"";""0"""
"MUSEUM WR.SUPRATMAN;""Februari"";""Wisnu"";""197"""
"MUSEUM WR.SUPRATMAN;""Maret"";""Wisman"";""0"""
"MUSEUM WR.SUPRATMAN;""Maret"";""Wisnu"";""176"""
"MUSEUM WR.SUPRATMAN;""April"";""Wisman"";""0"""
"MUSEUM WR.SUPRATMAN;""April"";""Wisnu"";""72"""
"MUSEUM WR.SUPRATMAN;""Mei"";""Wisman"";""0"""
"MUSEUM WR.SUPRATMAN;""Mei"";""Wisnu"";""117"""
"MUSEUM WR.SUPRATMAN;""Juni"";""Wisman"";""0"""
"MUSEUM WR.SUPRATMAN;""Juni"";""Wisnu"";""181"""
"MUSEUM WR.SUPRATMAN;""Juli"";""Wisman"";""0"""
"MUSEUM WR.SUPRATMAN;""Juli"";""Wisnu"";""177"""
"MUSEUM WR.SUPRATMAN;""Agustus"";""Wisman"";""10"""
"MUSEUM WR.SUPRATMAN;""Agustus"";""Wisnu"";""317"""
"MUSEUM WR.SUPRATMAN;""September"";""Wisman"";""0"""
"MUSEUM WR.SUPRATMAN;""September"";""Wisnu"";""440"""
"MUSEUM WR.SUPRATMAN;""Oktober"";""Wisman"";""0"""
"MUSEUM WR.SUPRATMAN;""Oktober"";""Wisnu"";""354"""
"MUSEUM WR.SUPRATMAN;""November"";""Wisman"";""0"""
"MUSEUM WR.SUPRATMAN;""November"";""Wisnu"";""550"""
"MUSEUM WR.SUPRATMAN;""Desember"";""Wisman"";""1"""
"MUSEUM WR.SUPRATMAN;""Desember"";""Wisnu"";""554"""
"MUSEUM DR. SOETOMO & GNI;""Januari"";""Wisman"";""0"""
"MUSEUM DR. SOETOMO & GNI;""Januari"";""Wisnu"";""560"""
"MUSEUM DR. SOETOMO & GNI;""Februari"";""Wisman"";""0"""
"MUSEUM DR. SOETOMO & GNI;""Februari"";""Wisnu"";""301"""
"MUSEUM DR. SOETOMO & GNI;""Maret"";""Wisman"";""0"""
"MUSEUM DR. SOETOMO & GNI;""Maret"";""Wisnu"";""436"""
"MUSEUM DR. SOETOMO & GNI;""April"";""Wisman"";""0"""
"MUSEUM DR. SOETOMO & GNI;""April"";""Wisnu"";""140"""
"MUSEUM DR. SOETOMO & GNI;""Mei"";""Wisman"";""0"""
"MUSEUM DR. SOETOMO & GNI;""Mei"";""Wisnu"";""585"""
"MUSEUM DR. SOETOMO & GNI;""Juni"";""Wisman"";""0"""
"MUSEUM DR. SOETOMO & GNI;""Juni"";""Wisnu"";""2926"""
"MUSEUM DR. SOETOMO & GNI;""Juli"";""Wisman"";""0"""
"MUSEUM DR. SOETOMO & GNI;""Juli"";""Wisnu"";""656"""
"MUSEUM DR. SOETOMO & GNI;""Agustus"";""Wisman"";""4"""
"MUSEUM DR. SOETOMO & GNI;""Agustus"";""Wisnu"";""603"""
"MUSEUM DR. SOETOMO & GNI;""September"";""Wisman"";""0"""
"MUSEUM DR. SOETOMO & GNI;""September"";""Wisnu"";""3491"""
"MUSEUM DR. SOETOMO & GNI;""Oktober"";""Wisman"";""0"""
"MUSEUM DR. SOETOMO & GNI;""Oktober"";""Wisnu"";""3576"""
"MUSEUM DR. SOETOMO & GNI;""November"";""Wisman"";""0"""
"MUSEUM DR. SOETOMO & GNI;""November"";""Wisnu"";""1711"""
"MUSEUM DR. SOETOMO & GNI;""Desember"";""Wisman"";""0"""
"MUSEUM DR. SOETOMO & GNI;""Desember"";""Wisnu"";""1080"""
"MUSEUM HOS COKROAMINOTO;""Januari"";""Wisman"";""0"""
"MUSEUM HOS COKROAMINOTO;""Januari"";""Wisnu"";""655"""
"MUSEUM HOS COKROAMINOTO;""Februari"";""Wisman"";""0"""
"MUSEUM HOS COKROAMINOTO;""Februari"";""Wisnu"";""414"""
"MUSEUM HOS COKROAMINOTO;""Maret"";""Wisman"";""0"""
"MUSEUM HOS COKROAMINOTO;""Maret"";""Wisnu"";""416"""
"MUSEUM HOS COKROAMINOTO;""April"";""Wisman"";""0"""
"PANTAI RIA KENJERAN;""Januari"";""Wisnu"";""18250"""
"PANTAI RIA KENJERAN;""Februari"";""Wisman"";""0"""
"PANTAI RIA KENJERAN;""Februari"";""Wisnu"";""17100"""
"PANTAI RIA KENJERAN;""Maret"";""Wisman"";""0"""
"PANTAI RIA KENJERAN;""Maret"";""Wisnu"";""18500"""
"PANTAI RIA KENJERAN;""April"";""Wisman"";""0"""
"PANTAI RIA KENJERAN;""April"";""Wisnu"";""17250"""
"PANTAI RIA KENJERAN;""Mei"";""Wisman"";""0"""
"PANTAI RIA KENJERAN;""Mei"";""Wisnu"";""12200"""
"PANTAI RIA KENJERAN;""Juni"";""Wisman"";""0"""
"PANTAI RIA KENJERAN;""Juni"";""Wisnu"";""12150"""
"PANTAI RIA KENJERAN;""Juli"";""Wisman"";""0"""
"PANTAI RIA KENJERAN;""Juli"";""Wisnu"";""10500"""
"PANTAI RIA KENJERAN;""Agustus"";""Wisman"";""0"""
"PANTAI RIA KENJERAN;""Agustus"";""Wisnu"";""15250"""
"PANTAI RIA KENJERAN;""September"";""Wisman"";""0"""
"PANTAI RIA KENJERAN;""September"";""Wisnu"";""15255"""
"PANTAI RIA KENJERAN;""Oktober"";""Wisman"";""0"""
"PANTAI RIA KENJERAN;""Oktober"";""Wisnu"";""13500"""
"PANTAI RIA KENJERAN;""November"";""Wisman"";""0"""
"PANTAI RIA KENJERAN;""November"";""Wisnu"";""14250"""
"PANTAI RIA KENJERAN;""Desember"";""Wisman"";""0"""
"PANTAI RIA KENJERAN;""Desember"";""Wisnu"";""16500"""
"UPTD THP. KENJERAN;""Januari"";""Wisman"";""0"""
"UPTD THP. KENJERAN;""Januari"";""Wisnu"";""54500"""
"UPTD THP. KENJERAN;""Februari"";""Wisman"";""0"""
"UPTD THP. KENJERAN;""Februari"";""Wisnu"";""31753"""
"UPTD THP. KENJERAN;""Maret"";""Wisman"";""0"""
"UPTD THP. KENJERAN;""Maret"";""Wisnu"";""34749"""
"UPTD THP. KENJERAN;""April"";""Wisman"";""0"""
"UPTD THP. KENJERAN;""April"";""Wisnu"";""4773"""
"UPTD THP. KENJERAN;""Mei"";""Wisman"";""0"""
"UPTD THP. KENJERAN;""Mei"";""Wisnu"";""58399"""
"UPTD THP. KENJERAN;""Juni"";""Wisman"";""0"""
"UPTD THP. KENJERAN;""Juni"";""Wisnu"";""55382"""
"UPTD THP. KENJERAN;""Juli"";""Wisman"";""2"""
"UPTD THP. KENJERAN;""Juli"";""Wisnu"";""34434"""
"UPTD THP. KENJERAN;""Agustus"";""Wisman"";""0"""
"UPTD THP. KENJERAN;""Agustus"";""Wisnu"";""20668"""
"UPTD THP. KENJERAN;""September"";""Wisman"";""0"""
"UPTD THP. KENJERAN;""September"";""Wisnu"";""25414"""
"UPTD THP. KENJERAN;""Oktober"";""Wisman"";""0"""
"UPTD THP. KENJERAN;""Oktober"";""Wisnu"";""29607"""
"UPTD THP. KENJERAN;""November"";""Wisman"";""0"""
"UPTD THP. KENJERAN;""November"";""Wisnu"";""27678"""
"UPTD THP. KENJERAN;""Desember"";""Wisman"";""0"""
"UPTD THP. KENJERAN;""Desember"";""Wisnu"";""35811"""
"UPTD BALAI PEMUDA & TIC & Alun2 surabaya;""Januari"";""Wisman"";""0"""
"UPTD BALAI PEMUDA & TIC & Alun2 surabaya;""Januari"";""Wisnu"";""21516"""
"UPTD BALAI PEMUDA & TIC & Alun2 surabaya;""Februari"";""Wisman"";""0"""
"UPTD BALAI PEMUDA & TIC & Alun2 surabaya;""Februari"";""Wisnu"";""0"""
"UPTD BALAI PEMUDA & TIC & Alun2 surabaya;""Maret"";""Wisman"";""0"""
"UPTD BALAI PEMUDA & TIC & Alun2 surabaya;""Maret"";""Wisnu"";""11637"""
"UPTD BALAI PEMUDA & TIC & Alun2 surabaya;""April"";""Wisman"";""0"""
"UPTD BALAI PEMUDA & TIC & Alun2 surabaya;""April"";""Wisnu"";""12674"""
"UPTD BALAI PEMUDA & TIC & Alun2 surabaya;""Mei"";""Wisman"";""0"""
"UPTD BALAI PEMUDA & TIC & Alun2 surabaya;""Mei"";""Wisnu"";""66388"""
"UPTD BALAI PEMUDA & TIC & Alun2 surabaya;""Juni"";""Wisman"";""0"""
"PANTAI RIA KENJERAN;""Januari"";""Wisman"";""0"""
